33M Combined_Bin,33M Combined_Counts,125M Combined_Bin,125M Combined_Counts,DESI_Bin,DESI_Counts,SOS_6_Bin,SOS_6_Counts,lamost_Bin,lamost_Counts,sdss_Bin,sdss_Counts,others_Bin,others_Counts
5.005000000000001,0.0,5.025,0.0,9.815,0.0,5.845000000000001,0.0,9.715,0.0,9.715,0.0,4.885000000000002,0.0
5.055,0.0,5.074999999999999,0.0,9.865,0.0,5.895,0.0,9.765,0.0,9.765,0.0,4.9350000000000005,0.0
5.105,0.0,5.125,0.0,9.915000000000001,0.0,5.945,0.0,9.815000000000001,0.0,9.815000000000001,0.0,4.985000000000001,0.0
5.154999999999999,0.0,5.174999999999999,0.0,9.965000000000002,0.0,5.994999999999999,0.0,9.865000000000002,0.0,9.865000000000002,0.0,5.035,0.0
5.205,1.0,5.225,0.0,10.015000000000002,2.0000000000003553,6.045,0.0,9.915000000000003,2.0,9.915000000000003,0.0,5.085000000000001,0.0
5.254999999999999,0.0,5.274999999999999,0.0,10.065000000000003,0.9999999999996447,6.094999999999999,0.0,9.965000000000003,0.0,9.965000000000003,0.0,5.135,0.0
5.305,0.9999999999999112,5.324999999999999,0.4999999999998668,10.115000000000004,0.0,6.145,1.0,10.015000000000004,0.0,10.015000000000004,0.0,5.1850000000000005,0.4999999999999556
5.354999999999999,1.0000000000000888,5.374999999999998,0.5000000000001332,10.165000000000004,1.0,6.1949999999999985,0.0,10.065000000000005,0.0,10.065000000000005,0.0,5.234999999999999,0.5000000000000444
5.404999999999999,1.0,5.424999999999999,2.0,10.215000000000005,1.0,6.244999999999999,0.0,10.115000000000006,0.0,10.115000000000006,0.0,5.285,0.0
5.454999999999998,1.0,5.474999999999998,0.9999999999999112,10.265000000000006,0.0,6.294999999999998,0.0,10.165000000000006,0.0,10.165000000000006,0.0,5.334999999999999,2.0
5.504999999999999,1.0,5.524999999999999,8.881784197001442e-14,10.315000000000007,0.0,6.344999999999999,0.0,10.215000000000007,0.0,10.215000000000007,0.0,5.385,0.4999999999999556
5.554999999999998,0.0,5.5749999999999975,0.0,10.365000000000007,2.0,6.394999999999998,0.0,10.265000000000008,0.0,10.265000000000008,0.0,5.434999999999999,0.5000000000000444
5.604999999999999,0.0,5.624999999999998,0.0,10.415000000000008,2.0,6.4449999999999985,0.0,10.315000000000008,0.0,10.315000000000008,0.0,5.484999999999999,0.0
5.654999999999998,0.0,5.674999999999997,0.9999999999998668,10.465000000000009,1.0,6.494999999999997,0.0,10.365000000000009,0.0,10.365000000000009,0.0,5.534999999999998,0.0
5.704999999999998,3.0,5.724999999999998,1.0000000000001332,10.51500000000001,2.0,6.544999999999998,0.0,10.41500000000001,0.0,10.41500000000001,0.0,5.584999999999999,0.0
5.754999999999997,1.9999999999997335,5.774999999999997,1.0,10.56500000000001,1.0,6.594999999999997,0.0,10.46500000000001,0.0,10.46500000000001,0.0,5.634999999999998,0.0
5.804999999999998,1.0,5.8249999999999975,1.9999999999992895,10.61500000000001,0.0,6.644999999999998,0.0,10.515000000000011,2.0,10.515000000000011,0.0,5.684999999999999,0.4999999999998668
5.854999999999997,5.0,5.8749999999999964,5.000000000000355,10.665000000000012,2.4868995751604036e-12,6.694999999999997,0.0,10.565000000000012,1.0,10.565000000000012,0.0,5.734999999999998,0.5000000000001332
5.904999999999998,7.0,5.924999999999997,5.999999999999645,10.715000000000012,1.9999999999996447,6.744999999999997,0.0,10.615000000000013,1.0,10.615000000000013,0.0,5.784999999999998,0.0
5.9549999999999965,7.0000000000002665,5.974999999999996,7.0,10.765000000000013,1.9999999999978684,6.794999999999996,0.0,10.665000000000013,0.0,10.665000000000013,0.0,5.834999999999997,1.0
6.004999999999997,9.0,6.024999999999997,11.999999999999512,10.815000000000014,0.0,6.844999999999997,0.0,10.715000000000014,1.0,10.715000000000014,0.0,5.884999999999998,3.4999999999996003
6.054999999999996,15.999999999998046,6.074999999999996,14.000000000000002,10.865000000000014,1.0,6.894999999999996,0.0,10.765000000000015,0.0,10.765000000000015,0.0,5.934999999999997,2.5000000000002665
6.104999999999997,9.000000000001954,6.1249999999999964,20.499999999999645,10.915000000000015,1.5987211554602595e-12,6.944999999999997,0.0,10.815000000000015,1.0,10.815000000000015,0.0,5.984999999999998,2.4999999999999556
6.154999999999996,18.0,6.174999999999995,8.500000000001554,10.965000000000016,0.9999999999984013,6.994999999999996,1.0,10.865000000000016,1.0000000000015987,10.865000000000016,0.0,6.034999999999997,3.499999999999645
6.2049999999999965,7.999999999998668,6.224999999999996,16.49999999999787,11.015000000000017,0.0,7.044999999999996,1.0,10.915000000000017,1.0000000000001776,10.915000000000017,0.0,6.084999999999997,7.000000000000533
6.2549999999999955,17.000000000000444,6.274999999999995,12.500000000001688,11.065000000000017,1.0,7.094999999999995,0.0,10.965000000000018,1.000000000001421,10.965000000000018,0.0,6.134999999999996,0.9999999999998224
6.304999999999996,22.999999999999467,6.324999999999996,14.499999999999112,11.115000000000018,0.0,7.144999999999996,1.0,11.015000000000018,2.9999999999968026,11.015000000000018,0.0,6.184999999999997,1.4999999999999556
6.354999999999995,21.99999999999938,6.374999999999995,13.500000000000533,11.165000000000019,3.000000000003908,7.194999999999995,2.0,11.065000000000019,1.953992523340317e-12,11.065000000000019,1.0,6.234999999999996,5.499999999999556
6.404999999999996,19.00000000000071,6.424999999999995,19.499999999999467,11.21500000000002,3.9999999999978684,7.244999999999996,0.49999999999977796,11.11500000000002,0.999999999998046,11.11500000000002,0.0,6.284999999999997,7.999999999999334
6.454999999999995,23.9999999999992,6.474999999999994,14.499999999999734,11.26500000000002,5.000000000000355,7.294999999999995,0.500000000000222,11.16500000000002,0.0,11.16500000000002,0.0,6.3349999999999955,10.000000000000444
6.5049999999999955,26.999999999999556,6.524999999999995,19.499999999999154,11.31500000000002,5.0,7.344999999999995,0.0,11.215000000000021,2.0,11.215000000000021,0.0,6.384999999999996,6.500000000000222
6.554999999999994,37.99999999999743,6.574999999999994,18.5000000000008,11.365000000000022,3.0000000000021316,7.394999999999994,0.0,11.265000000000022,4.0,11.265000000000022,0.0,6.434999999999995,10.499999999999336
6.604999999999995,32.999999999998494,6.624999999999995,35.49999999999885,11.415000000000022,8.000000000000355,7.444999999999995,1.0,11.315000000000023,3.0,11.315000000000023,0.0,6.484999999999996,7.5
6.654999999999994,41.00000000000391,6.674999999999994,24.49999999999907,11.465000000000023,17.00000000000604,7.494999999999994,0.9999999999997335,11.365000000000023,2.0,11.365000000000023,0.0,6.534999999999995,16.4999999999992
6.704999999999995,36.999999999997776,6.724999999999994,39.999999999998536,11.515000000000024,25.00000000000675,7.544999999999995,4.5,11.415000000000024,0.0,11.415000000000024,0.0,6.5849999999999955,13.5000000000008
6.754999999999994,56.99999999999751,6.774999999999993,38.000000000000085,11.565000000000024,45.00000000002238,7.5949999999999935,1.5000000000002665,11.465000000000025,5.0,11.465000000000025,0.0,6.6349999999999945,16.499999999999734
6.804999999999994,56.99999999999626,6.824999999999994,34.000000000000135,11.615000000000025,130.00000000004727,7.644999999999994,1.4999999999996891,11.515000000000025,3.0000000000026645,11.515000000000025,0.0,6.684999999999995,17.500000000000043
6.854999999999993,59.00000000000081,6.874999999999993,44.99999999999787,11.665000000000026,227.0000000001075,7.694999999999993,3.499999999999689,11.565000000000026,4.0,11.565000000000026,0.0,6.734999999999994,17.49999999999907
6.904999999999994,62.00000000000374,6.924999999999994,44.99999999999929,11.715000000000027,363.0000000000393,7.744999999999994,3.500000000000311,11.615000000000027,4.9999999999973355,11.615000000000027,0.0,6.784999999999995,28.499999999999687
6.954999999999993,80.99999999999316,6.9749999999999925,67.99999999999893,11.765000000000027,453.0000000000505,7.794999999999993,4.499999999999689,11.665000000000028,1.0,11.665000000000028,0.0,6.834999999999994,30.49999999999969
7.004999999999994,68.0000000000033,7.024999999999993,56.999999999997954,11.815000000000028,512.0000000000426,7.8449999999999935,2.0,11.715000000000028,1.0,11.715000000000028,0.0,6.8849999999999945,29.0
7.054999999999993,107.99999999999744,7.074999999999992,80.0000000000019,11.865000000000029,570.9999999999915,7.8949999999999925,3.0000000000006217,11.765000000000029,3.0198066269799536e-12,11.765000000000029,0.0,6.934999999999993,24.999999999999382
7.104999999999993,87.99999999999814,7.124999999999993,74.49999999999423,11.91500000000003,637.0000000000985,7.944999999999993,0.499999999999667,11.81500000000003,3.99999999999698,11.81500000000003,0.0,6.984999999999994,24.500000000001243
7.154999999999992,98.99999999999787,7.174999999999992,79.5000000000024,11.96500000000003,701.0000000000039,7.994999999999992,4.4999999999996225,11.86500000000003,11.00000000001208,11.86500000000003,0.0,7.034999999999993,27.49999999999787
7.204999999999993,101.00000000000162,7.2249999999999925,88.99999999999517,12.01500000000003,740.0000000001293,8.044999999999993,5.500000000000444,11.915000000000031,11.99999999998792,11.915000000000031,0.0,7.084999999999994,30.50000000000142
7.254999999999992,132.9999999999896,7.2749999999999915,128.99999999999028,12.065000000000031,818.000000000032,8.094999999999992,5.499999999999201,11.965000000000032,10.00000000000906,11.965000000000032,0.0,7.134999999999993,26.499999999999645
7.304999999999993,170.9999999999968,7.324999999999992,122.00000000000387,12.115000000000032,943.0,8.144999999999992,7.999999999997513,12.015000000000033,11.000000000001066,12.015000000000033,1.0,7.184999999999993,33.99999999999956
7.3549999999999915,148.99999999999363,7.374999999999991,127.00000000000355,12.165000000000033,990.0000000000525,8.194999999999991,13.000000000001776,12.065000000000033,13.000000000010125,12.065000000000033,0.0,7.234999999999992,39.999999999996405
7.404999999999992,171.00000000000497,7.424999999999992,145.49999999999244,12.215000000000034,987.999999999989,8.244999999999992,12.999999999999645,12.115000000000034,23.999999999989875,12.115000000000034,0.0,7.284999999999993,55.9999999999996
7.454999999999991,183.99999999998934,7.474999999999991,170.49999999999733,12.265000000000034,1030.0000000002256,8.294999999999991,19.999999999998135,12.165000000000035,23.00000000001119,12.165000000000035,1.0,7.334999999999992,49.99999999999841
7.504999999999992,214.00000000000477,7.5249999999999915,170.4999999999998,12.315000000000035,1122.999999999968,8.344999999999992,31.99999999999689,12.215000000000035,25.999999999998934,12.215000000000035,0.0,7.384999999999993,50.499999999998
7.554999999999991,236.99999999999255,7.57499999999999,175.5000000000002,12.365000000000036,1187.9999999999823,8.39499999999999,34.00000000000284,12.265000000000036,47.000000000046896,12.265000000000036,0.0,7.434999999999992,52.50000000000559
7.6049999999999915,268.9999999999935,7.624999999999991,233.99999999999068,12.415000000000036,1240.0000000001107,8.444999999999991,29.499999999995826,12.315000000000037,61.99999999997762,12.315000000000037,0.0,7.484999999999992,67.99999999999419
7.6549999999999905,287.9999999999902,7.67499999999999,211.99999999999704,12.465000000000037,1311.0000000000916,8.49499999999999,30.500000000003553,12.365000000000038,94.00000000006715,12.365000000000038,0.0,7.534999999999991,72.99999999999622
7.704999999999991,326.9999999999989,7.724999999999991,258.9999999999919,12.515000000000038,1343.000000000069,8.544999999999991,32.99999999999689,12.415000000000038,128.99999999998187,12.415000000000038,0.0,7.584999999999992,69.00000000000378
7.75499999999999,354.99999999997965,7.77499999999999,298.99999999998033,12.565000000000039,1386.000000000008,8.59499999999999,37.00000000000222,12.465000000000039,152.00000000002186,12.465000000000039,1.000000000003908,7.634999999999991,73.9999999999967
7.804999999999991,423.00000000000017,7.82499999999999,367.49999999998937,12.61500000000004,1433.0000000000975,8.64499999999999,46.99999999999689,12.51500000000004,158.00000000002737,12.51500000000004,0.999999999996092,7.684999999999992,98.99999999999262
7.85499999999999,454.9999999999798,7.874999999999989,359.500000000001,12.66500000000004,1540.0000000000941,8.69499999999999,44.000000000003105,12.56500000000004,166.00000000002862,12.56500000000004,0.0,7.7349999999999905,97.00000000000195
7.9049999999999905,451.0000000000014,7.92499999999999,393.49999999998295,12.71500000000004,1624.9999999999877,8.74499999999999,50.99999999999298,12.615000000000041,207.99999999995913,12.615000000000041,0.0,7.784999999999991,100.49999999999854
7.954999999999989,527.9999999999797,7.974999999999989,434.5000000000011,12.765000000000041,1678.0000000000675,8.79499999999999,60.000000000001066,12.665000000000042,177.00000000004832,12.665000000000042,4.2632564145606916e-12,7.83499999999999,104.50000000000146
8.00499999999999,586.0000000000136,8.02499999999999,483.0000000000041,12.815000000000042,1760.0000000002303,8.84499999999999,70.5000000000024,12.715000000000042,153.999999999919,12.715000000000042,0.9999999999957367,7.884999999999991,110.0
8.054999999999989,635.9999999999807,8.074999999999989,509.9999999999875,12.865000000000043,1885.000000000115,8.894999999999989,61.499999999999105,12.765000000000043,165.0000000000263,12.765000000000043,0.0,7.93499999999999,127.99999999999756
8.10499999999999,689.9999999999293,8.12499999999999,546.4999999999428,12.915000000000044,2002.000000000123,8.94499999999999,70.99999999998909,12.815000000000044,127.0,12.815000000000044,0.0,7.9849999999999905,157.49999999999054
8.154999999999989,873.9999999999993,8.174999999999988,703.5000000000182,12.965000000000044,1991.999999999937,8.994999999999989,90.00000000000196,12.865000000000045,128.0000000000222,12.865000000000045,0.0,8.03499999999999,189.4999999999903
8.20499999999999,871.0000000000091,8.224999999999989,769.9999999999708,13.015000000000045,2163.0000000003197,9.04499999999999,78.50000000000307,12.915000000000045,116.99999999994583,12.915000000000045,0.0,8.08499999999999,189.99999999997993
8.254999999999988,955.9999999999551,8.274999999999988,816.9999999999544,13.065000000000046,2322.0000000001014,9.094999999999988,107.49999999998947,12.965000000000046,119.00000000002309,12.965000000000046,4.61852778244075e-12,8.13499999999999,290.99999999998863
8.304999999999989,1091.9999999999397,8.324999999999989,887.4999999999994,13.115000000000046,2435.0000000002815,9.144999999999989,115.00000000000301,13.015000000000047,126.99999999997566,13.015000000000047,0.9999999999953815,8.18499999999999,337.49999999999096
8.354999999999988,1246.9999999999911,8.374999999999988,965.4999999999638,13.165000000000047,2614.0000000001946,9.194999999999988,111.99999999999378,13.065000000000047,121.00000000000479,13.065000000000047,0.0,8.234999999999989,379.49999999998
8.404999999999989,1375.999999999964,8.424999999999988,1095.49999999998,13.215000000000048,2749.000000000073,9.244999999999989,120.5000000000048,13.115000000000048,120.00000000004796,13.115000000000048,0.0,8.28499999999999,423.9999999999844
8.454999999999988,1458.9999999999518,8.474999999999987,1215.4999999999402,13.265000000000049,2889.000000000322,9.294999999999987,131.49999999999022,13.165000000000049,123.99999999997549,13.165000000000049,1.0,8.334999999999988,544.9999999999934
8.504999999999988,1647.9999999999668,8.524999999999988,1315.4999999999984,13.31500000000005,3035.0000000002487,9.344999999999988,132.49999999999153,13.21500000000005,114.99999999997176,13.21500000000005,0.0,8.38499999999999,571.4999999999931
8.554999999999987,1791.9999999999393,8.574999999999987,1415.4999999999316,13.36500000000005,3164.0000000000996,9.394999999999987,155.5000000000076,13.26500000000005,125.00000000004282,13.26500000000005,1.0,8.434999999999988,652.4999999999762
8.604999999999988,1971.0000000000275,8.624999999999988,1504.50000000002,13.41500000000005,3242.00000000012,9.444999999999988,91.50000000002015,13.315000000000051,133.000000000067,13.315000000000051,0.0,8.484999999999989,723.9999999999826
8.654999999999987,2108.999999999881,8.674999999999986,1696.4999999999518,13.465000000000051,3480.999999999875,9.494999999999987,91.49999999998882,13.365000000000052,155.99999999998968,13.365000000000052,1.0,8.534999999999988,737.9999999999789
8.704999999999988,2284.999999999908,8.724999999999987,1845.9999999998772,13.515000000000052,3589.000000000704,9.544999999999987,74.00000000000144,13.415000000000052,167.0000000000119,13.415000000000052,2.0,8.584999999999988,905.4999999999708
8.754999999999987,2548.999999999917,8.774999999999986,2015.9999999999677,13.565000000000053,3790.000000000112,9.594999999999986,85.00000000000541,13.465000000000053,177.9999999999572,13.465000000000053,5.329070518200865e-12,8.634999999999987,905.4999999999957
8.804999999999987,2710.000000000031,8.824999999999987,2338.499999999987,13.615000000000054,4080.0000000000696,9.644999999999987,90.49999999999191,13.515000000000054,185.00000000004954,13.515000000000054,0.9999999999946709,8.684999999999988,977.9999999999404
8.854999999999986,2858.9999999998804,8.874999999999986,2628.4999999998217,13.665000000000054,4021.000000000125,9.694999999999986,103.50000000000097,13.565000000000055,193.99999999995043,13.565000000000055,8.000000000022027,8.734999999999987,1049.999999999986
8.904999999999987,3167.9999999998554,8.924999999999986,2760.499999999845,13.715000000000055,4241.000000000853,9.744999999999987,134.49999999999218,13.615000000000055,189.00000000007708,13.615000000000055,25.00000000001652,8.784999999999988,1046.0000000000314
8.954999999999986,3321.9999999999914,8.974999999999985,3089.5000000000077,13.765000000000056,4440.999999999839,9.794999999999986,119.5000000000064,13.665000000000056,229.00000000003038,13.665000000000056,27.99999999999556,8.834999999999987,1087.0000000000007
9.004999999999987,3678.0000000000255,9.024999999999986,3519.4999999998854,13.815000000000056,4450.00000000015,9.844999999999986,143.9999999999858,13.715000000000057,217.99999999997726,13.715000000000057,47.000000000005684,8.884999999999987,1123.4999999999275
9.054999999999986,3948.9999999998795,9.074999999999985,3829.499999999949,13.865000000000057,4759.000000000174,9.894999999999985,139.00000000000907,13.765000000000057,248.0000000000721,13.765000000000057,45.99999999999538,8.934999999999986,1205.4999999999836
9.104999999999986,4143.999999999761,9.124999999999986,4212.499999999686,13.915000000000058,4939.000000000327,9.944999999999986,159.999999999984,13.815000000000058,255.9999999999847,13.815000000000058,53.00000000002931,8.984999999999987,1228.5000000000355
9.154999999999985,4453.00000000008,9.174999999999985,4584.500000000033,13.965000000000058,5074.000000000446,9.994999999999985,178.00000000000054,13.865000000000059,261.99999999992735,13.865000000000059,64.00000000001172,9.034999999999986,1292.499999999961
9.204999999999986,4887.999999999831,9.224999999999985,5090.999999999725,14.01500000000006,5141.00000000032,10.044999999999986,202.49999999996874,13.91500000000006,259.00000000005525,13.91500000000006,66.99999999997816,9.084999999999987,1363.9999999999395
9.254999999999985,5299.999999999844,9.274999999999984,5567.999999999858,14.06500000000006,5611.000000000003,10.094999999999985,326.4999999999872,13.96500000000006,299.0000000000302,13.96500000000006,65.00000000007248,9.134999999999986,1469.0000000000027
9.304999999999986,5640.999999999669,9.324999999999985,6160.999999999724,14.11500000000006,5702.000000000215,10.144999999999985,300.4999999999788,14.015000000000061,280.00000000002166,14.015000000000061,95.99999999996642,9.184999999999986,1519.4999999999936
9.354999999999984,6268.999999999796,9.374999999999984,6529.999999999939,14.165000000000061,5937.000000001024,10.194999999999984,337.50000000000796,14.065000000000062,264.0000000000448,14.065000000000062,91.9999999999627,9.234999999999985,1605.4999999998781
9.404999999999985,6704.000000000193,9.424999999999985,6872.000000000098,14.215000000000062,6147.999999999851,10.244999999999985,311.5000000000033,14.115000000000062,240.00000000000497,14.115000000000062,76.0000000000373,9.284999999999986,1654.9999999999864
9.454999999999984,7241.999999999502,9.474999999999984,6809.9999999998545,14.265000000000063,6245.000000000472,10.294999999999984,359.49999999998636,14.165000000000063,288.000000000011,14.165000000000063,89.00000000006023,9.334999999999985,1802.0000000000432
9.504999999999985,7654.999999999829,9.524999999999984,7429.999999999592,14.315000000000063,6646.9999999999445,10.344999999999985,389.4999999999758,14.215000000000064,253.00000000002558,14.215000000000064,102.99999999992966,9.384999999999986,1982.999999999921
9.554999999999984,8318.999999999854,9.574999999999983,7930.999999999987,14.365000000000064,6674.000000000887,10.394999999999984,357.5000000000306,14.265000000000065,301.99999999986056,14.265000000000065,90.00000000006803,9.434999999999985,2058.999999999911
9.604999999999984,8840.99999999986,9.624999999999984,8597.499999999705,14.415000000000065,7019.00000000024,10.444999999999984,442.4999999999656,14.315000000000065,269.0000000001075,14.315000000000065,112.99999999998685,9.484999999999985,2185.4999999999786
9.654999999999983,9809.99999999972,9.674999999999983,9145.499999999896,14.465000000000066,7148.000000000743,10.494999999999983,428.50000000000955,14.365000000000066,328.00000000006344,14.365000000000066,114.00000000003944,9.534999999999984,2355.499999999901
9.704999999999984,10531.999999999172,9.724999999999984,9967.99999999931,14.515000000000066,7497.000000000746,10.544999999999984,462.99999999996453,14.415000000000067,350.99999999999204,14.415000000000067,91.99999999998455,9.584999999999985,2485.0000000000846
9.754999999999983,11234.000000000231,9.774999999999983,10543.999999999873,14.565000000000067,7779.999999999576,10.594999999999983,468.0000000000242,14.465000000000067,324.99999999995947,14.465000000000067,118.99999999996625,9.634999999999984,2673.9999999998054
9.804999999999984,12168.999999999742,9.824999999999983,11521.500000000013,14.615000000000068,8041.000000000761,10.644999999999984,517.4999999999777,14.515000000000068,317.00000000008686,14.515000000000068,107.00000000003108,9.684999999999985,2996.9999999998654
9.854999999999983,13059.99999999926,9.874999999999982,12003.499999999432,14.665000000000068,8289.000000001064,10.694999999999983,555.4999999999617,14.565000000000069,334.99999999988614,14.565000000000069,110.00000000009007,9.734999999999983,3197.0
9.904999999999983,14117.999999999585,9.924999999999983,12893.999999999516,14.71500000000007,8713.000000000533,10.744999999999983,596.9999999999991,14.61500000000007,292.0000000000862,14.61500000000007,152.9999999999515,9.784999999999984,3607.4999999999077
9.954999999999982,15318.999999999496,9.974999999999982,13786.99999999973,14.76500000000007,9071.000000000164,10.794999999999982,584.0000000000009,14.66500000000007,312.000000000019,14.66500000000007,129.00000000000517,9.834999999999983,3834.49999999987
10.004999999999983,16516.00000000026,10.024999999999983,14331.00000000017,14.81500000000007,9269.000000000244,10.844999999999983,596.5000000000018,14.715000000000071,348.9999999999787,14.715000000000071,135.99999999994316,9.884999999999984,4256.499999999674
10.054999999999982,17200.99999999906,10.074999999999982,15240.999999999387,14.865000000000071,9568.00000000137,10.894999999999982,663.4999999999696,14.765000000000072,372.999999999997,14.765000000000072,138.00000000003286,9.934999999999983,4769.499999999886
10.104999999999983,18811.99999999882,10.124999999999982,16270.999999999072,14.915000000000072,9994.999999999885,10.944999999999983,715.9999999999677,14.815000000000072,370.0000000001309,14.815000000000072,153.000000000051,9.984999999999983,5141.000000000073
10.154999999999982,19985.00000000023,10.174999999999981,17411.00000000029,14.965000000000073,10157.00000000107,10.994999999999981,680.0000000000315,14.865000000000073,399.9999999999419,14.865000000000073,167.0000000000364,10.034999999999982,5311.999999999753
10.204999999999982,20981.999999999633,10.224999999999982,17887.49999999959,15.015000000000073,10577.000000001246,11.044999999999982,793.9999999999555,14.915000000000074,347.00000000001296,14.915000000000074,163.9999999999469,10.084999999999983,6018.499999999669
10.254999999999981,21967.99999999963,10.27499999999998,18992.49999999903,15.065000000000074,10903.999999999636,11.094999999999981,792.999999999992,14.965000000000074,360.0000000001567,14.965000000000074,166.00000000002987,10.134999999999982,6349.499999999926
10.304999999999982,23465.999999998843,10.324999999999982,19863.499999999527,15.115000000000075,11095.000000000722,11.144999999999982,817.9999999999291,15.015000000000075,397.99999999985624,15.015000000000075,169.99999999997533,10.184999999999983,6798.999999999929
10.35499999999998,24522.99999999937,10.37499999999998,20883.499999999665,15.165000000000076,11447.000000001326,11.19499999999998,924.000000000002,15.065000000000076,387.00000000004667,15.065000000000076,191.00000000012986,10.234999999999982,7117.999999999802
10.404999999999982,25935.00000000031,10.424999999999981,21925.00000000007,15.215000000000076,11947.000000000595,11.244999999999981,955.0000000000415,15.115000000000077,396.99999999996095,15.115000000000077,213.00000000003058,10.284999999999982,7721.999999999454
10.45499999999998,27152.999999998654,10.47499999999998,22968.999999999134,15.265000000000077,12524.000000000962,11.29499999999998,908.9999999999703,15.165000000000077,364.00000000014603,15.165000000000077,211.99999999986818,10.334999999999981,8019.000000000173
10.504999999999981,28818.999999999098,10.52499999999998,24772.999999998643,15.315000000000078,12788.999999999443,11.344999999999981,1763.4999999995812,15.215000000000078,418.99999999980463,15.215000000000078,201.00000000011724,10.384999999999982,8537.999999999838
10.55499999999998,30924.99999999953,10.57499999999998,25833.000000000313,15.365000000000078,13030.000000001228,11.39499999999998,2013.499999999966,15.265000000000079,379.0000000000677,15.265000000000079,229.00000000011227,10.434999999999981,8974.999999999533
10.60499999999998,32311.999999999152,10.62499999999998,26965.999999999498,15.415000000000079,13237.000000001552,11.44499999999998,2064.499999999993,15.31500000000008,424.0000000000183,15.31500000000008,275.99999999985613,10.484999999999982,9737.99999999969
10.65499999999998,33329.99999999979,10.67499999999998,27941.999999999654,15.46500000000008,13847.00000000052,11.49499999999998,2158.4999999999422,15.36500000000008,371.00000000004565,15.36500000000008,271.00000000021583,10.53499999999998,10405.999999999713
10.70499999999998,35078.99999999814,10.72499999999998,29685.999999998094,15.51500000000008,14379.000000000737,11.54499999999998,2273.99999999993,15.41500000000008,396.0000000000553,15.41500000000008,290.9999999999796,10.584999999999981,11061.000000000186
10.75499999999998,37204.00000000016,10.774999999999979,31076.999999999905,15.565000000000081,14661.000000001646,11.59499999999998,2268.9999999999945,15.465000000000082,377.9999999999755,15.465000000000082,313.9999999999428,10.63499999999998,11424.999999999423
10.80499999999998,38202.99999999974,10.82499999999998,32410.500000000095,15.615000000000082,15033.00000000096,11.64499999999998,2519.499999999942,15.515000000000082,420.00000000013165,15.515000000000082,307.000000000219,10.684999999999981,12158.499999999449
10.854999999999979,40368.99999999796,10.874999999999979,33898.49999999827,15.665000000000083,15773.000000000546,11.694999999999979,2602.4999999998627,15.565000000000083,400.99999999987654,15.565000000000083,335.99999999968276,10.73499999999998,12903.499999999958
10.90499999999998,42627.99999999868,10.92499999999998,35063.999999998865,15.715000000000083,15964.000000001612,11.74499999999998,2870.4999999998936,15.615000000000084,397.9999999999064,15.615000000000084,281.00000000008345,10.78499999999998,13570.999999999714
10.954999999999979,44649.99999999913,10.974999999999978,36575.99999999998,15.765000000000084,16445.999999999836,11.794999999999979,2938.499999999982,15.665000000000084,374.0000000000638,15.665000000000084,310.9999999999842,10.83499999999998,14164.999999999822
11.00499999999998,46735.00000000098,11.024999999999979,37995.499999999876,15.815000000000085,16986.000000001233,11.84499999999998,3065.9999999999686,15.715000000000085,408.99999999995737,15.715000000000085,278.00000000005116,10.88499999999998,15174.499999999092
11.054999999999978,49540.999999997104,11.074999999999978,39895.49999999891,15.865000000000085,17580.000000000986,11.894999999999978,3251.999999999899,15.765000000000086,378.00000000018684,15.765000000000086,262.00000000003644,10.93499999999998,16105.499999999494
11.104999999999979,51409.99999999727,11.124999999999979,41533.499999997526,15.915000000000086,18020.000000001557,11.944999999999979,3486.999999999773,15.815000000000087,408.9999999999666,15.815000000000087,307.9999999998782,10.98499999999998,16846.000000000306
11.154999999999978,54187.00000000102,11.174999999999978,43043.50000000092,15.965000000000087,18115.999999983716,11.994999999999978,3610.000000000085,15.865000000000087,422.9999999998071,15.865000000000087,254.00000000008703,11.034999999999979,18013.999999998836
11.204999999999979,56712.99999999837,11.224999999999978,44461.99999999928,16.015000000000086,8781.000000000087,12.044999999999979,3815.9999999999154,15.915000000000088,376.0000000000739,15.915000000000088,288.0000000000812,11.08499999999998,18974.4999999996
11.254999999999978,59331.999999999236,11.274999999999977,46054.99999999803,16.06500000000009,9348.000000003103,12.094999999999978,4011.999999999899,15.965000000000089,396.9999999999112,15.965000000000089,316.99999999999113,11.134999999999978,19945.499999999654
11.304999999999978,62423.99999999597,11.324999999999978,54479.4999999929,16.115000000000087,11735.000000008864,12.144999999999978,4228.999999999738,16.01500000000009,332.0000000000266,16.01500000000009,273.0000000000597,11.18499999999998,21284.499999999727
11.354999999999977,65185.99999999879,11.374999999999977,63451.49999999869,16.16500000000009,18262.000000013137,12.194999999999977,4301.0000000000355,16.06500000000009,293.99999999982236,16.06500000000009,295.9999999997804,11.234999999999978,22305.499999999232
11.404999999999978,68658.000000001,11.424999999999978,65489.99999999993,16.21500000000009,25357.000000010623,12.244999999999978,4495.999999999961,16.11500000000009,294.0000000001918,16.11500000000009,282.0000000000533,11.284999999999979,23727.49999999821
11.454999999999977,71530.99999999616,11.474999999999977,67325.99999999876,16.265000000000093,30157.000000004824,12.294999999999977,4753.9999999997635,16.16500000000009,332.9999999999858,16.16500000000009,240.9999999999023,11.334999999999978,25175.500000000688
11.504999999999978,74495.99999999836,11.524999999999977,70395.49999999665,16.31500000000009,32557.000000006672,12.344999999999978,4927.499999999858,16.215000000000092,309.9999999999403,16.215000000000092,253.00000000013466,11.384999999999978,26363.499999999152
11.554999999999977,77948.99999999869,11.574999999999976,72560.50000000071,16.365000000000094,34066.00000000263,12.394999999999976,5098.499999999997,16.265000000000093,289.0000000000064,16.265000000000093,289.00000000006463,11.434999999999977,27649.499999998632
11.604999999999977,81641.99999999795,11.624999999999977,75414.99999999817,16.41500000000009,35267.00000000153,12.444999999999977,5323.499999999896,16.315000000000094,304.00000000001387,16.315000000000094,277.99999999996413,11.484999999999978,28908.999999999214
11.654999999999976,85659.99999999833,11.674999999999976,77799.99999999939,16.465000000000096,36044.00000000092,12.494999999999976,5727.499999999833,16.365000000000094,290.99999999984124,16.365000000000094,278.99999999998045,11.534999999999977,30345.999999999513
11.704999999999977,89047.99999999569,11.724999999999977,79922.49999999555,16.515000000000093,37209.000000000495,12.544999999999977,5907.999999999705,16.415000000000095,290.00000000010124,16.415000000000095,260.000000000125,11.584999999999978,31842.50000000022
11.754999999999976,93166.00000000143,11.774999999999975,82741.499999999,16.565000000000097,37910.000000005086,12.594999999999976,6034.000000000109,16.465000000000096,269.00000000012045,16.465000000000096,286.9999999998472,11.634999999999977,33388.49999999843
11.804999999999977,97001.9999999977,11.824999999999976,86119.00000000054,16.615000000000094,38364.00000000042,12.644999999999976,6099.999999999858,16.515000000000096,295.99999999989876,16.515000000000096,266.99999999999716,11.684999999999977,35475.99999999831
11.854999999999976,101484.99999999467,11.874999999999975,88623.99999999636,16.6650000000001,38860.00000000266,12.694999999999975,6267.999999999961,16.565000000000097,241.99999999991365,16.565000000000097,232.0000000001652,11.734999999999976,36990.99999999989
11.904999999999976,106173.99999999757,11.924999999999976,91298.49999999744,16.715000000000096,40494.000000001695,12.744999999999976,6450.499999999785,16.615000000000098,255.99999999999574,16.615000000000098,281.99999999980497,11.784999999999977,38413.499999999345
11.954999999999975,110751.9999999973,11.974999999999975,89689.5000000027,16.7650000000001,41551.000000005355,12.794999999999975,6696.499999999798,16.6650000000001,218.00000000006182,16.6650000000001,262.00000000006077,11.834999999999976,40286.499999999025
12.004999999999976,115681.00000000179,12.024999999999975,91422.50000000009,16.815000000000097,42151.00000000172,12.844999999999976,6841.000000000045,16.7150000000001,244.00000000000782,16.7150000000001,252.9999999998895,11.884999999999977,42111.49999999741
12.054999999999975,120938.99999999293,12.074999999999974,93978.49999999753,16.8650000000001,43166.00000000132,12.894999999999975,7025.999999999909,16.7650000000001,235.99999999986073,16.7650000000001,219.00000000006963,11.934999999999976,44189.499999999374
12.104999999999976,124993.99999999287,12.124999999999975,96135.99999999502,16.9150000000001,43836.00000000178,12.944999999999975,7179.999999999673,16.8150000000001,227.00000000017727,16.8150000000001,230.99999999994458,11.984999999999976,46808.00000000042
12.154999999999974,130023.00000000282,12.174999999999974,98634.00000000237,16.965000000000103,44467.00000000223,12.994999999999974,7292.000000000148,16.8650000000001,233.99999999999181,16.8650000000001,217.00000000005542,12.034999999999975,48836.99999999702
12.204999999999975,135445.99999999674,12.224999999999975,102747.99999999798,17.0150000000001,45813.00000000652,13.044999999999975,7560.499999999777,16.915000000000102,218.9999999998433,16.915000000000102,259.9999999999446,12.084999999999976,51237.999999999025
12.254999999999974,140676.99999999808,12.274999999999974,104832.99999999517,17.065000000000104,47228.99999999991,13.094999999999974,7580.50000000004,16.965000000000103,199.9999999999776,16.965000000000103,226.00000000012506,12.134999999999975,53631.999999998676
12.304999999999975,145526.9999999925,12.324999999999974,107752.99999999716,17.1150000000001,47527.00000000356,13.144999999999975,7773.999999999696,17.015000000000104,219.00000000007745,17.015000000000104,220.000000000081,12.184999999999976,56419.49999999947
12.354999999999974,150361.99999999747,12.374999999999973,111148.99999999945,17.165000000000106,48969.000000001404,13.194999999999974,7969.999999999798,17.065000000000104,201.00000000004795,17.065000000000104,236.99999999985576,12.234999999999975,59118.49999999782
12.404999999999974,155928.0000000022,12.424999999999974,114631.50000000029,17.215000000000103,49865.000000003,13.244999999999974,6529.000000001005,17.115000000000105,199.99999999982415,17.115000000000105,213.99999999990976,12.284999999999975,62220.99999999598
12.454999999999973,160697.99999999156,12.474999999999973,118139.49999999568,17.265000000000107,50675.00000000632,13.294999999999973,6598.999999999759,17.165000000000106,164.00000000012434,17.165000000000106,224.00000000005932,12.334999999999974,65015.000000000975
12.504999999999974,166633.99999999793,12.524999999999974,120669.99999999677,17.315000000000104,52328.00000000198,13.344999999999974,6915.499999999745,17.215000000000106,180.99999999998224,17.215000000000106,217.99999999990868,12.384999999999975,68086.49999999834
12.554999999999973,171158.99999999616,12.574999999999973,124592.99999999946,17.36500000000011,53146.00000000282,13.394999999999973,7035.50000000013,17.265000000000107,171.99999999997868,17.265000000000107,204.00000000006395,12.434999999999974,70796.49999999652
12.604999999999974,177879.99999999642,12.624999999999973,129729.9999999969,17.415000000000106,54661.00000000331,13.444999999999974,7222.999999999675,17.315000000000108,147.00000000012255,17.315000000000108,184.99999999999181,12.484999999999975,73868.99999999792
12.654999999999973,184579.99999999645,12.674999999999972,133680.99999999907,17.46500000000011,55645.000000003194,13.494999999999973,7366.000000000189,17.36500000000011,143.99999999977086,17.36500000000011,204.00000000004016,12.534999999999973,75850.99999999927
12.704999999999973,191663.9999999895,12.724999999999973,137411.49999999258,17.515000000000107,57361.00000000305,13.544999999999973,7586.999999999558,17.41500000000011,142.99999999995381,17.41500000000011,173.99999999997087,12.584999999999974,77999.00000000175
12.754999999999972,199504.0000000031,12.774999999999972,139776.49999999907,17.56500000000011,57951.000000005806,13.594999999999972,7703.000000000156,17.46500000000011,113.00000000001421,17.46500000000011,179.99999999987992,12.634999999999973,78710.9999999972
12.804999999999973,206701.9999999949,12.824999999999973,142862.00000000195,17.61500000000011,59433.99999999816,13.644999999999973,7959.499999999854,17.51500000000011,115.00000000000426,17.51500000000011,151.99999999997442,12.684999999999974,78683.49999999847
12.854999999999972,216267.99999998737,12.874999999999972,144783.99999999578,17.665000000000113,60102.0000000055,13.694999999999972,8111.499999999673,17.56500000000011,70.99999999992646,17.56500000000011,157.00000000004653,12.734999999999973,77837.50000000182
12.904999999999973,223434.99999999537,12.924999999999972,146498.4999999956,17.71500000000011,61891.00000000312,13.744999999999973,8175.999999999938,17.615000000000112,85.0000000000508,17.615000000000112,151.9999999999307,12.784999999999973,76136.50000000147
12.954999999999972,231579.9999999962,12.974999999999971,147734.5000000029,17.765000000000114,63181.00000000603,13.794999999999972,8151.000000000115,17.665000000000113,90.9999999999492,17.665000000000113,130.0000000000913,12.834999999999972,74508.50000000074
13.004999999999972,240227.00000000405,13.024999999999972,149486.00000000137,17.81500000000011,64406.000000001295,13.844999999999972,8553.499999999534,17.715000000000114,53.000000000028066,17.715000000000114,133.99999999999966,12.884999999999973,70423.50000000244
13.054999999999971,249971.99999998434,13.07499999999997,150278.99999999665,17.865000000000116,65640.00000000713,13.894999999999971,9133.499999999785,17.765000000000114,71.99999999990905,17.765000000000114,147.9999999999659,12.934999999999974,67794.49999999901
13.104999999999972,261453.99999998568,13.124999999999972,150657.99999999432,17.915000000000113,66697.00000000207,13.944999999999972,9208.999999999687,17.815000000000115,54.999999999968026,17.815000000000115,133.99999999995097,12.984999999999971,63498.00000000285
13.154999999999971,273015.0000000017,13.17499999999997,150435.0000000057,17.965000000000117,66870.99999999137,13.99499999999997,9140.000000000433,17.865000000000116,14.999999999941025,17.865000000000116,112.99999999999218,13.034999999999972,59730.000000001644
13.204999999999972,283724.9999999933,13.224999999999971,135216.00000001435,18.015000000000114,64639.000000007974,14.044999999999972,9235.499999999756,17.915000000000116,0.9999999999886313,17.915000000000116,108.99999999999609,13.084999999999972,56702.5000000038
13.25499999999997,295595.9999999938,13.27499999999997,124395.99999999636,18.06500000000012,64171.999999997475,14.09499999999997,9245.500000000098,17.965000000000117,1.0000000000113687,17.965000000000117,96.99999999994706,13.134999999999973,54610.49999999911
13.304999999999971,308331.9999999813,13.32499999999997,121786.00000000137,18.115000000000116,64153.99999999739,14.144999999999971,9202.999999999583,18.015000000000118,2.9999999999886313,18.015000000000118,77.00000000003624,13.18499999999997,52391.50000000012
13.35499999999997,320190.99999999296,13.37499999999997,119393.00000000202,18.16500000000012,64398.999999999694,14.19499999999997,9270.000000000138,18.06500000000012,0.0,18.06500000000012,76.9999999999229,13.234999999999971,51287.500000001535
13.404999999999971,332458.0000000053,13.42499999999997,115841.50000000474,18.215000000000117,64483.0000000096,14.24499999999997,9323.50000000023,18.11500000000012,0.0,18.11500000000012,71.99999999999254,13.284999999999972,49464.50000000081
13.45499999999997,345065.99999998027,13.47499999999997,111699.50000000036,18.26500000000012,65846.00000000106,14.29499999999997,9355.499999999585,18.16500000000012,0.0,18.16500000000012,64.99999999999574,13.334999999999972,48283.50000000093
13.50499999999997,357436.99999999255,13.52499999999997,108412.49999999994,18.31500000000012,66326.00000000434,14.34499999999997,9326.499999999805,18.21500000000012,1.0,18.21500000000012,70.00000000008313,13.38499999999997,47465.499999998305
13.55499999999997,372618.99999999173,13.574999999999969,104742.50000000391,18.365000000000123,67183.99999999833,14.39499999999997,9442.500000000142,18.26500000000012,0.0,18.26500000000012,59.999999999860734,13.43499999999997,47086.50000000041
13.60499999999997,386998.9999999877,13.62499999999997,100346.50000000227,18.41500000000012,67537.00000000422,14.44499999999997,9519.500000000036,18.315000000000122,0.0,18.315000000000122,63.00000000006466,13.484999999999971,46607.000000002015
13.65499999999997,401568.99999999296,13.674999999999969,96288.50000000297,18.465000000000124,68678.00000000412,14.494999999999969,8818.500000000588,18.365000000000123,0.0,18.365000000000123,57.99999999993534,13.534999999999972,46355.99999999827
13.70499999999997,416947.99999997637,13.72499999999997,92093.99999999971,18.51500000000012,69049.00000000604,14.54499999999997,8894.499999999322,18.415000000000123,0.0,18.415000000000123,60.00000000000249,13.584999999999969,46379.5
13.754999999999969,433051.0000000035,13.774999999999968,87676.00000000212,18.565000000000126,70158.99999999997,14.594999999999969,9154.500000000226,18.465000000000124,0.0,18.465000000000124,52.00000000004974,13.63499999999997,46820.500000000044
13.80499999999997,448493.99999999074,13.824999999999969,83763.5000000031,18.615000000000123,70518.99999999937,14.64499999999997,9434.499999999829,18.515000000000125,0.0,18.515000000000125,49.99999999996554,13.68499999999997,46859.50000000041
13.854999999999968,465696.9999999711,13.874999999999968,92532.49999999287,18.665000000000127,70615.00000000044,14.694999999999968,9802.499999999336,18.565000000000126,0.0,18.565000000000126,49.00000000003446,13.734999999999971,47212.49999999901
13.90499999999997,482396.99999998923,13.924999999999969,91042.00000000108,18.715000000000124,70526.00000000349,14.744999999999969,10236.499999999727,18.615000000000126,0.0,18.615000000000126,44.00000000000391,13.784999999999968,47283.49999999905
13.954999999999968,500175.99999998877,13.974999999999968,86142.00000000438,18.76500000000013,71064.00000000185,14.794999999999968,10372.499999999925,18.665000000000127,0.0,18.665000000000127,44.99999999995879,13.834999999999969,45892.50000000214
14.004999999999969,517461.0000000092,14.024999999999968,81444.0000000045,18.815000000000126,69734.9999999967,14.844999999999969,10797.000000000013,18.715000000000128,0.0,18.715000000000128,49.99999999999254,13.88499999999997,44765.50000000065
14.054999999999968,537470.999999967,14.074999999999967,77048.0000000011,18.86500000000013,69727.00000000095,14.894999999999968,11064.999999999618,18.76500000000013,0.0,18.76500000000013,29.999999999959144,13.93499999999997,43456.49999999942
14.104999999999968,555892.9999999707,14.124999999999968,72271.50000000137,18.915000000000127,69261.99999999705,14.944999999999968,11371.999999999403,18.81500000000013,0.0,18.81500000000013,33.000000000054,13.984999999999967,41659.00000000161
14.154999999999967,574986.0000000048,14.174999999999967,67784.50000000442,18.96500000000013,61712.99999996295,14.994999999999967,11737.000000000116,18.86500000000013,2.0,18.86500000000013,35.99999999995879,14.034999999999968,37295.000000003434
14.204999999999968,596848.9999999872,14.224999999999968,63416.00000000352,19.01500000000013,52788.99999999636,15.044999999999968,12035.49999999969,18.91500000000013,0.0,18.91500000000013,31.000000000080647,14.084999999999969,32024.00000000345
14.254999999999967,616038.9999999885,14.274999999999967,58773.00000000038,19.065000000000133,50844.999999992986,15.094999999999967,12411.499999999856,18.96500000000013,0.0,18.96500000000013,29.999999999934275,14.13499999999997,30786.999999999513
14.304999999999968,636617.9999999651,14.324999999999967,54671.00000000236,19.11500000000013,45888.99999997878,15.144999999999968,12589.499999999318,19.015000000000132,1.0,19.015000000000132,27.00000000000213,14.184999999999967,30118.99999999983
14.354999999999967,659248.9999999811,14.374999999999966,50977.0000000029,19.165000000000134,35887.999999966516,15.194999999999967,13075.499999999889,19.065000000000133,0.0,19.065000000000133,26.999999999945288,14.234999999999967,29792.000000000746
14.404999999999967,678856.0000000115,14.424999999999967,46923.00000000377,19.21500000000013,23765.999999975236,15.244999999999967,13616.0,19.115000000000133,0.0,19.115000000000133,13.000000000027711,14.284999999999968,29537.999999999658
14.454999999999966,702017.9999999608,14.474999999999966,42146.0000000033,19.265000000000136,15611.999999986487,15.294999999999966,14140.999999999229,19.165000000000134,1.0,19.165000000000134,17.00000000002487,14.334999999999969,29412.00000000045
14.504999999999967,720635.9999999896,14.524999999999967,35324.00000000256,19.315000000000133,11765.99999999302,15.344999999999967,14183.999999999725,19.215000000000135,0.0,19.215000000000135,22.999999999990408,14.384999999999966,29117.9999999992
14.554999999999966,733898.9999999935,14.574999999999966,33664.00000000159,19.365000000000137,10139.999999997908,15.394999999999966,14595.000000000036,19.265000000000136,0.0,19.265000000000136,19.999999999984723,14.434999999999967,29175.999999999607
14.604999999999967,729351.0000000108,14.624999999999966,31419.50000000181,19.415000000000134,9621.000000000015,15.444999999999967,14990.999999999745,19.315000000000136,0.0,19.315000000000136,22.999999999946,14.484999999999967,28601.000000001826
14.654999999999966,698538.0000000275,14.674999999999965,29510.50000000093,19.46500000000014,9194.999999999724,15.494999999999965,15403.999999999483,19.365000000000137,0.0,19.365000000000137,16.0000000000135,14.534999999999968,28378.999999999378
14.704999999999966,646487.0000000178,14.724999999999966,27851.500000000528,19.515000000000136,9449.99999999964,15.544999999999966,15920.999999999276,19.415000000000138,0.0,19.415000000000138,11.9999999999865,14.584999999999965,28482.499999999724
14.754999999999965,588084.0000000595,14.774999999999965,26130.500000000844,19.56500000000014,9429.999999999958,15.594999999999965,16275.000000000451,19.46500000000014,1.0,19.46500000000014,3.0000000000138556,14.634999999999966,28105.499999999905
14.804999999999966,532888.0000000362,14.824999999999966,24806.000000001666,19.615000000000137,9660.000000000471,15.644999999999966,16658.499999999458,19.51500000000014,0.0,19.51500000000014,10.000000000042988,14.684999999999967,27995.50000000051
14.854999999999965,480928.00000001816,14.874999999999964,23108.0000000005,19.66500000000014,9637.000000000928,15.694999999999965,16961.499999999392,19.56500000000014,2.0,19.56500000000014,9.999999999970868,14.734999999999967,27883.49999999976
14.904999999999966,434623.00000003155,14.924999999999965,22068.0000000004,19.71500000000014,9830.00000000014,15.744999999999965,17484.999999999804,19.61500000000014,0.0,19.61500000000014,4.9999999999865,14.784999999999965,27649.999999999156
14.954999999999965,389741.00000002957,14.974999999999964,20694.00000000133,19.765000000000143,9899.00000000047,15.794999999999964,17628.999999999585,19.66500000000014,1.0,19.66500000000014,6.999999999985789,14.834999999999965,27436.000000001237
15.004999999999965,348311.0000000406,15.024999999999965,19209.50000000145,19.81500000000014,9793.999999999758,15.844999999999965,18531.499999999905,19.715000000000142,0.0,19.715000000000142,0.0,14.884999999999966,27319.999999999964
15.054999999999964,312970.00000001275,15.074999999999964,17934.50000000046,19.865000000000144,9730.000000001251,15.894999999999964,18928.499999999123,19.765000000000143,0.0,19.765000000000143,3.0,14.934999999999967,27184.999999999258
15.104999999999965,279033.00000001444,15.124999999999964,18185.999999998585,19.91500000000014,10192.999999999318,15.944999999999965,19311.99999999882,19.815000000000143,1.0,19.815000000000143,3.0,14.984999999999964,26489.50000000085
15.154999999999964,248064.00000003033,15.174999999999963,18036.000000001262,19.965000000000146,9025.999999996824,15.994999999999964,13273.000000008065,19.865000000000144,1.0,19.865000000000144,1.0000000000284217,15.034999999999965,26261.499999999425
15.204999999999965,219670.00000002063,15.224999999999964,16917.000000000793,20.015000000000143,8358.999999999563,16.044999999999966,9984.49999999978,19.915000000000145,0.0,19.915000000000145,1.9999999999715783,15.084999999999965,26124.500000000942
15.254999999999963,193847.00000001682,15.274999999999963,16024.000000000031,20.065000000000147,7978.99999999665,16.094999999999963,11079.499999997795,19.965000000000146,0.0,19.965000000000146,1.0,15.134999999999966,26126.49999999957
15.304999999999964,170928.0000000089,15.324999999999964,15018.50000000051,20.115000000000144,6581.99999999477,16.14499999999996,16256.999999994758,20.015000000000146,0.0,20.015000000000146,0.0,15.184999999999963,25950.99999999954
15.354999999999963,149410.00000001586,15.374999999999963,14039.500000000957,20.16500000000015,4677.999999994916,16.194999999999965,23598.999999996013,20.065000000000147,0.0,20.065000000000147,0.0,15.234999999999964,25930.0000000004
15.404999999999964,132148.0000000163,15.424999999999963,13120.500000000866,20.215000000000146,3409.9999999991574,16.244999999999962,29335.999999997486,20.115000000000148,1.0,20.115000000000148,2.0,15.284999999999965,26049.500000000266
15.454999999999963,117133.00000000656,15.474999999999962,12165.500000000664,20.26500000000015,3443.0000000002537,16.294999999999966,32491.999999997242,20.16500000000015,0.0,20.16500000000015,0.0,15.334999999999965,25953.500000000044
15.504999999999963,103170.00000001011,15.524999999999963,11153.000000000378,20.315000000000147,3524.0000000002683,16.344999999999963,34343.99999999766,20.21500000000015,0.0,20.21500000000015,0.0,15.384999999999962,25602.999999999593
15.554999999999962,89774.00000000933,15.574999999999962,10384.000000000942,20.36500000000015,3594.000000000821,16.39499999999996,35624.00000000067,20.26500000000015,0.0,20.26500000000015,0.0,15.434999999999963,25381.9999999999
15.604999999999963,77877.00000000885,15.624999999999963,9651.000000000287,20.41500000000015,3697.9999999998954,16.444999999999965,36562.499999997905,20.31500000000015,0.0,20.31500000000015,0.0,15.484999999999964,24740.000000001146
15.654999999999962,67045.00000000723,15.674999999999962,8956.000000000678,20.465000000000153,3765.000000000708,16.494999999999962,37513.499999997875,20.36500000000015,0.0,20.36500000000015,0.0,15.534999999999965,24536.99999999939
15.704999999999963,56562.00000000556,15.724999999999962,8016.000000000543,20.51500000000015,3923.9999999998317,16.54499999999996,38494.50000000042,20.415000000000152,0.0,20.415000000000152,0.0,15.584999999999962,23993.000000000964
15.754999999999962,48126.000000008506,15.774999999999961,6700.00000000084,20.565000000000154,3932.999999999725,16.594999999999963,38897.49999999873,20.465000000000153,0.0,20.465000000000153,0.0,15.634999999999962,23617.999999999796
15.804999999999962,40358.00000000492,15.824999999999962,5942.500000000774,20.61500000000015,3782.000000000031,16.64499999999996,39435.0000000006,20.515000000000153,0.0,20.515000000000153,0.0,15.684999999999963,23026.000000000568
15.854999999999961,34488.00000000275,15.874999999999961,5323.5000000002,20.665000000000155,3774.999999999435,16.694999999999965,40521.00000000066,20.565000000000154,0.0,20.565000000000154,0.0,15.734999999999964,22655.99999999935
15.904999999999962,29796.000000003194,15.924999999999962,4678.000000000609,20.715000000000153,3487.9999999995953,16.744999999999962,41911.99999999769,20.615000000000155,0.0,20.615000000000155,0.0,15.784999999999961,22025.000000000513
15.954999999999961,25926.0000000028,15.97499999999996,4145.000000000299,20.765000000000157,3059.9999999984216,16.79499999999996,42602.99999999824,20.665000000000155,0.0,20.665000000000155,0.0,15.834999999999962,21338.000000001135
16.00499999999996,9163.00000001938,16.024999999999963,2230.0000000016757,20.815000000000154,2652.999999997702,16.844999999999963,43598.000000000255,20.715000000000156,0.0,20.715000000000156,0.0,15.884999999999962,20284.500000000953
16.054999999999964,14.000000000046896,16.07499999999996,1914.9999999998545,20.86500000000016,1840.9999999971863,16.89499999999996,44159.99999999834,20.765000000000157,0.0,20.765000000000157,0.0,15.934999999999963,19508.499999999913
16.10499999999996,3.000000000003908,16.124999999999957,1726.0000000003288,20.915000000000155,701.9999999969517,16.944999999999958,44935.99999999788,20.815000000000158,0.0,20.815000000000158,0.0,15.984999999999962,18676.500000001437
16.15499999999996,1.0,16.17499999999996,1489.0000000001398,20.96500000000016,95.99999999945643,16.994999999999962,45847.0000000008,20.86500000000016,0.0,20.86500000000016,0.0,16.03499999999996,17220.500000000622
16.204999999999963,0.0,16.22499999999996,1177.5000000003158,21.015000000000157,23.999999999856115,17.04499999999996,47608.50000000002,20.91500000000016,0.0,20.91500000000016,0.0,16.08499999999996,15718.500000001462
16.25499999999996,1.0,16.274999999999963,929.5000000000906,21.06500000000016,1.9999999999840128,17.094999999999963,47877.49999999853,20.96500000000016,0.0,20.96500000000016,0.0,16.134999999999962,14822.500000000055
16.304999999999957,0.0,16.32499999999996,789.5000000001709,21.11500000000016,2.0,17.14499999999996,49198.99999999655,21.01500000000016,0.0,21.01500000000016,0.0,16.18499999999996,13996.499999999345
16.35499999999996,0.0,16.374999999999957,746.4999999998283,21.165000000000163,0.0,17.194999999999958,50072.00000000137,21.06500000000016,0.0,21.06500000000016,0.0,16.23499999999996,13108.500000001859
16.40499999999996,0.0,16.42499999999996,913.0000000000226,21.21500000000016,1.0,17.244999999999962,51016.50000000112,21.115000000000162,0.0,21.115000000000162,0.0,16.28499999999996,12370.50000000003
16.454999999999963,1.0,16.47499999999996,811.0000000000138,21.265000000000164,0.0,17.29499999999996,52320.49999999317,21.165000000000163,0.0,21.165000000000163,0.0,16.334999999999958,11929.500000001062
16.50499999999996,0.0,16.524999999999956,705.500000000209,21.31500000000016,0.0,17.344999999999956,53300.000000001586,21.215000000000163,0.0,21.215000000000163,0.0,16.384999999999962,11429.499999999989
16.554999999999957,0.0,16.57499999999996,591.499999999985,21.365000000000165,0.0,17.39499999999996,54564.00000000058,21.265000000000164,0.0,21.265000000000164,0.0,16.43499999999996,10840.499999999982
16.60499999999996,0.0,16.624999999999957,490.50000000012125,21.415000000000163,0.0,17.444999999999958,55888.49999999757,21.315000000000165,0.0,21.315000000000165,0.0,16.48499999999996,10173.500000001724
16.65499999999996,0.0,16.67499999999996,404.500000000091,21.465000000000167,0.0,17.494999999999962,57082.50000000039,21.365000000000165,0.0,21.365000000000165,0.0,16.53499999999996,9847.499999999884
16.704999999999956,0.0,16.72499999999996,382.9999999999753,,,17.54499999999996,58128.49999999734,21.415000000000166,0.0,21.415000000000166,0.0,16.584999999999958,9395.499999999209
,,16.774999999999956,306.0000000000555,,,17.594999999999956,59375.49999999674,21.465000000000167,0.0,21.465000000000167,0.0,16.63499999999996,9016.500000001413
,,16.82499999999996,241.50000000009885,,,17.64499999999996,60019.00000000175,,,,,16.68499999999996,8309.499999999683
,,16.874999999999957,186.5000000000015,,,17.694999999999958,61483.999999996486,,,,,16.734999999999957,7999.500000000437
,,16.924999999999955,190.00000000002183,,,17.744999999999955,63241.000000000975,,,,,16.78499999999996,7798.500000000543
,,16.97499999999996,134.00000000001847,,,17.79499999999996,64115.99999999655,,,,,16.834999999999958,7567.499999999866
,,17.024999999999956,175.49999999996223,,,17.844999999999956,65358.50000000089,,,,,16.88499999999996,7901.0000000000455
,,17.07499999999996,187.49999999999937,,,17.89499999999996,66551.50000000275,,,,,16.93499999999996,7575.999999999965
,,17.124999999999957,144.0000000000421,,,17.944999999999958,67895.49999999214,,,,,16.984999999999957,6876.000000000486
,,17.174999999999955,140.99999999999415,,,17.994999999999955,65176.50000000412,,,,,17.034999999999958,6540.000000000789
,,17.22499999999996,105.00000000002807,,,18.04499999999996,64827.50000000284,,,,,17.084999999999958,6002.999999999878
,,17.274999999999956,109.00000000001458,,,18.094999999999956,64093.4999999936,,,,,17.134999999999955,5501.000000000555
,,17.324999999999953,107.99999999998987,,,18.144999999999953,64607.00000000101,,,,,17.18499999999996,4957.5000000003
,,17.374999999999957,91.00000000001705,,,18.194999999999958,64526.00000000271,,,,,17.234999999999957,4607.500000000273
,,17.424999999999955,87.00000000001403,,,18.244999999999955,65656.99999999617,,,,,17.284999999999958,3881.5000000010054
,,17.47499999999996,74.99999999999609,,,18.29499999999996,66381.00000000215,,,,,17.334999999999958,3428.5000000002465
,,17.524999999999956,64.50000000002834,,,18.344999999999956,67203.49999999741,,,,,17.384999999999955,2912.000000000328
,,17.574999999999953,57.49999999998924,,,18.394999999999953,67215.49999999706,,,,,17.434999999999956,2426.000000000534
,,17.624999999999957,42.500000000032955,,,18.444999999999958,68526.50000000114,,,,,17.484999999999957,1964.00000000033
,,17.674999999999955,3.500000000015543,,,18.494999999999955,69090.49999999706,,,,,17.534999999999954,1551.000000000423
,,17.72499999999995,0.0,,,18.544999999999952,69975.00000000159,,,,,17.584999999999958,1243.000000000239
,,17.774999999999956,0.0,,,18.594999999999956,70380.99999999757,,,,,17.634999999999955,861.0000000004236
,,17.824999999999953,0.0,,,18.644999999999953,70728.50000000249,,,,,17.684999999999956,142.00000000041123
,,17.874999999999957,0.0,,,18.694999999999958,70551.50000000275,,,,,17.734999999999957,145.99999999997442
,,17.924999999999955,0.0,,,18.744999999999955,71241.99999999115,,,,,17.784999999999954,170.49999999998482
,,17.97499999999995,0.0,,,18.794999999999952,70330.00000000454,,,,,17.834999999999955,157.50000000001359
,,18.024999999999956,0.0,,,18.844999999999956,69819.50000000223,,,,,17.884999999999955,169.99999999998403
,,18.074999999999953,0.0,,,18.894999999999953,69538.49999999323,,,,,17.934999999999953,173.0000000000176
,,18.12499999999995,0.0,,,18.94499999999995,66775.50000001129,,,,,17.984999999999957,152.5000000000145
,,18.174999999999955,0.0,,,18.994999999999955,54588.50000000847,,,,,18.034999999999954,174.49999999998323
,,18.22499999999995,0.0,,,19.044999999999952,51757.50000000399,,,,,18.084999999999955,158.000000000019
,,18.274999999999956,0.0,,,19.094999999999956,48671.500000001855,,,,,18.134999999999955,154.99999999996948
,,18.324999999999953,0.0,,,19.144999999999953,40340.500000009386,,,,,18.184999999999953,152.00000000000517
,,18.37499999999995,0.0,,,19.19499999999995,28574.50000001093,,,,,18.234999999999953,147.00000000004104
,,18.424999999999955,0.0,,,19.244999999999955,18251.000000008356,,,,,18.284999999999954,133.49999999999088
,,18.47499999999995,0.0,,,19.294999999999952,13179.000000002481,,,,,18.33499999999995,113.50000000002069
,,18.52499999999995,0.0,,,19.34499999999995,10579.000000002381,,,,,18.384999999999955,110.00000000001386
,,18.574999999999953,0.0,,,19.394999999999953,9823.999999999862,,,,,18.434999999999953,119.99999999994847
,,18.62499999999995,0.0,,,19.44499999999995,9394.500000000913,,,,,18.484999999999953,104.5000000000349
,,18.674999999999955,0.0,,,19.494999999999955,9241.500000000136,,,,,18.534999999999954,92.50000000001893
,,18.72499999999995,0.0,,,19.544999999999952,9461.499999999489,,,,,18.58499999999995,95.99999999998755
,,18.77499999999995,0.0,,,19.59499999999995,9572.49999999951,,,,,18.634999999999952,102.99999999999628
,,18.824999999999953,0.0,,,19.644999999999953,9690.000000000353,,,,,18.684999999999953,86.50000000001457
,,18.87499999999995,0.0,,,19.69499999999995,9748.999999999623,,,,,18.73499999999995,94.49999999999503
,,18.924999999999947,0.0,,,19.744999999999948,9930.999999999307,,,,,18.784999999999954,80.00000000001528
,,18.97499999999995,0.0,,,19.794999999999952,9886.000000000513,,,,,18.83499999999995,87.99999999999218
,,19.02499999999995,0.0,,,19.84499999999995,9758.000000000311,,,,,18.884999999999952,72.5000000000176
,,19.074999999999953,0.0,,,19.894999999999953,10060.999999999192,,,,,18.934999999999953,98.49999999996251
,,19.12499999999995,0.0,,,19.94499999999995,9622.500000001151,,,,,18.98499999999995,80.00000000005294
,,19.174999999999947,0.0,,,19.994999999999948,8463.500000000955,,,,,19.03499999999995,43.00000000001226
,,19.22499999999995,0.0,,,20.044999999999952,8244.500000000487,,,,,19.08499999999995,37.0000000000032
,,19.27499999999995,0.0,,,20.09499999999995,7328.500000000324,,,,,19.13499999999995,33.99999999999627
,,19.324999999999946,0.0,,,20.144999999999946,5306.50000000285,,,,,19.184999999999953,27.50000000001741
,,19.37499999999995,0.0,,,20.19499999999995,3866.500000001119,,,,,19.23499999999995,31.499999999987743
,,19.424999999999947,0.0,,,20.244999999999948,3351.49999999986,,,,,19.28499999999995,23.000000000015454
,,19.47499999999995,0.0,,,20.294999999999952,3491.5000000000755,,,,,19.33499999999995,15.000000000001776
,,19.52499999999995,0.0,,,20.34499999999995,3569.999999999731,,,,,19.38499999999995,19.499999999998757
,,19.574999999999946,0.0,,,20.394999999999946,3669.9999999999554,,,,,19.43499999999995,17.499999999998757
,,19.62499999999995,0.0,,,20.44499999999995,3805.9999999999927,,,,,19.48499999999995,10.500000000007017
,,19.674999999999947,0.0,,,20.494999999999948,3873.99999999952,,,,,19.534999999999947,11.500000000005418
,,19.724999999999945,0.0,,,20.544999999999945,3886.500000000251,,,,,19.58499999999995,11.999999999997158
,,19.77499999999995,0.0,,,20.59499999999995,3825.500000000077,,,,,19.63499999999995,11.99999999999698
,,19.824999999999946,0.0,,,20.644999999999946,3859.000000000122,,,,,19.68499999999995,9.000000000003375
,,19.87499999999995,0.0,,,20.69499999999995,3589.000000000354,,,,,19.73499999999995,9.000000000001954
,,19.924999999999947,0.0,,,20.744999999999948,3275.5000000001337,,,,,19.784999999999947,9.499999999999734
,,19.974999999999945,0.0,,,20.794999999999945,2818.500000000452,,,,,19.834999999999948,8.499999999995826
,,20.02499999999995,0.0,,,20.84499999999995,2197.0000000010496,,,,,19.88499999999995,9.499999999993783
,,20.074999999999946,0.0,,,20.894999999999946,1212.000000000937,,,,,19.934999999999945,6.500000000013323
,,20.124999999999943,0.0,,,20.944999999999943,224.00000000083526,,,,,19.98499999999995,17.500000000002753
,,20.174999999999947,0.0,,,20.994999999999948,41.00000000005045,,,,,20.034999999999947,10.499999999997247
,,20.224999999999945,0.0,,,21.044999999999945,9.500000000018918,,,,,20.084999999999948,9.000000000000178
,,20.27499999999995,0.0,,,21.09499999999995,2.5000000000050626,,,,,20.13499999999995,6.999999999999822
,,20.324999999999946,0.0,,,21.144999999999946,5.499999999999911,,,,,20.184999999999945,9.99999999999396
,,20.374999999999943,0.0,,,21.194999999999943,1.5000000000000888,,,,,20.234999999999946,10.00000000000071
,,20.424999999999947,0.0,,,21.244999999999948,2.6645352591004326e-12,,,,,20.284999999999947,12.499999999991385
,,20.474999999999945,0.0,,,21.294999999999945,0.0,,,,,20.334999999999944,11.50000000000595
,,20.52499999999994,0.0,,,21.344999999999942,0.0,,,,,20.38499999999995,12.500000000005329
,,20.574999999999946,0.0,,,21.394999999999946,0.0,,,,,20.434999999999945,7.500000000002309
,,20.624999999999943,0.0,,,21.444999999999943,0.0,,,,,20.484999999999946,3.0000000000056843
,,20.674999999999947,0.0,,,21.494999999999948,0.0,,,,,20.534999999999947,4.999999999989342
,,20.724999999999945,0.0,,,21.544999999999945,1.0,,,,,20.584999999999944,3.000000000004796
,,20.77499999999994,0.0,,,21.594999999999942,0.0,,,,,20.634999999999945,6.999999999997868
,,20.824999999999946,0.49999999999724665,,,21.644999999999946,0.0,,,,,20.684999999999945,3.500000000005152
,,20.874999999999943,0.5000000000027534,,,21.694999999999943,0.0,,,,,20.734999999999943,2.5
,,20.92499999999994,0.0,,,21.74499999999994,1.0,,,,,20.784999999999947,1.9999999999918288
,,20.974999999999945,0.0,,,21.794999999999945,0.0,,,,,20.834999999999944,4.000000000008171
,,21.02499999999994,0.0,,,21.844999999999942,0.0,,,,,20.884999999999945,3.000000000002842
,,21.074999999999946,0.0,,,21.894999999999946,0.0,,,,,20.934999999999945,2.999999999997158
,,21.124999999999943,0.0,,,21.944999999999943,0.0,,,,,20.984999999999943,6.499999999994049
,,21.17499999999994,0.0,,,21.99499999999994,0.0,,,,,21.034999999999943,1.5000000000087932
,,21.224999999999945,0.0,,,22.044999999999945,0.0,,,,,21.084999999999944,2.0
,,21.27499999999994,0.0,,,,,,,,,21.13499999999994,3.999999999990941
,,21.32499999999994,0.0,,,,,,,,,21.184999999999942,1.0000000000090594
,,21.374999999999943,0.0,,,,,,,,,21.234999999999943,0.0
,,21.42499999999994,0.0,,,,,,,,,21.284999999999943,0.0
,,21.474999999999945,0.0,,,,,,,,,21.334999999999944,0.0
,,21.52499999999994,0.0,,,,,,,,,21.38499999999994,0.0
,,21.57499999999994,0.0,,,,,,,,,21.434999999999942,0.0
,,21.624999999999943,0.0,,,,,,,,,21.484999999999943,0.0
,,21.67499999999994,0.0,,,,,,,,,21.53499999999994,0.9999999999969802
,,21.724999999999937,0.0,,,,,,,,,21.58499999999994,3.01980662698049e-12
,,21.77499999999994,0.0,,,,,,,,,21.63499999999994,0.0
,,21.82499999999994,0.0,,,,,,,,,21.684999999999942,0.0
,,21.874999999999943,0.0,,,,,,,,,21.734999999999943,1.0
,,21.92499999999994,0.0,,,,,,,,,21.78499999999994,0.0
,,21.974999999999937,0.0,,,,,,,,,21.83499999999994,0.0
,,22.02499999999994,0.0,,,,,,,,,21.88499999999994,0.0
,,22.07499999999994,0.0,,,,,,,,,21.93499999999994,0.0
,,,,,,,,,,,,21.98499999999994,0.0
,,,,,,,,,,,,22.03499999999994,0.0
,,,,,,,,,,,,22.08499999999994,0.0
